language,level,context,subcontext,dialogue_txt,side,order_id,special_words
Spanish,A1,Ordering food and drink,Takeaway,Hi there. Do you have a table for 2?,A,1,
Spanish,A1,Ordering food and drink,Takeaway,Good evening. Do you have a reservation with us?,B,2,reservación
Spanish,A1,Ordering food and drink,Takeaway,I'm sorry I don't. ,A,3,
Spanish,A1,Ordering food and drink,Takeaway,I'm afraid we're very busy tonight so there are no free tables. Would you like to wait or come back later?,B,4,
Spanish,A1,Ordering food and drink,Takeaway,How long is the wait for a table? I am very hungry. ,A,5,espera
Spanish,A1,Ordering food and drink,Takeaway,It is about one hour. I'm sorry about that. Would you like to order your food for takeaway instead? ,B,6,sobre/llevar
Spanish,A1,Ordering food and drink,Takeaway,Yes please. I will have two burgers and two portions of fries. Oh and two large drinks. Thank you very much.,A,7,
Spanish,A1,Ordering food and drink,Takeaway,No problem. Your food should be here soon. Have a nice evening!,B,8,
Spanish,A1,Ordering food and drink,Takeaway,You too. ,A,9,
Spanish,A1,Exchanging personal information,Social Media,Hi Peter. How was your weekend?,A,1,
Spanish,A1,Exchanging personal information,Social Media,Hi. It was good thank you. I met a nice girl.,B,2,
Spanish,A1,Exchanging personal information,Social Media,Oh really? What is she like? Did you get her Snapchat?,A,3,
Spanish,A1,Exchanging personal information,Social Media,She doesn't use Snapchat. She's very pretty. She has long brown hair and big green eyes. I like her. ,B,4,usa
Spanish,A1,Exchanging personal information,Social Media,I want to see her. What's her name? I'll look her up on Instagram. ,A,5,
Spanish,A1,Exchanging personal information,Social Media,You can try. Her name is Natalia Black.,B,6,
Spanish,A1,Exchanging personal information,Social Media,"I found her! Wow, she is beautiful. I'm happy for you!",A,7,
Spanish,A1,Exchanging personal information,Social Media,I am happy too. And thank you. ,B,8,
Spanish,A1,Going shopping and asking for prices,Payment,Hi there. May I pay for these items please?,A,1,
Spanish,A1,Going shopping and asking for prices,Payment,"Hello, yes of course. Your total is £35. Will you be paying by cash or card?",B,2,en efectivo/en tarjeta
Spanish,A1,Going shopping and asking for prices,Payment,"Card, please. ",A,3,
Spanish,A1,Going shopping and asking for prices,Payment,No problem. You can insert or touch your card to the machine. ,B,4,insertar/tocar
Spanish,A1,Going shopping and asking for prices,Payment,Thank you. ,A,5,
Spanish,A1,Going shopping and asking for prices,Payment,I'm sorry your card hasn't worked. Can you try again?,B,6,no ha funcionado
Spanish,A1,Going shopping and asking for prices,Payment,I'm sorry about that. I will use my PIN.,A,7,PIN
Spanish,A1,Going shopping and asking for prices,Payment,That is all done. Thank you for shopping with us. Have a good day!,B,8,
Spanish,A1,Going shopping and asking for prices,Payment,Have a good day! Goodbye. ,A,9,
Spanish,A1,Making Appointments,Booking,"Hello, can I make an appointment for tomorrow. ",A,1,cita
Spanish,A1,Making Appointments,Booking,"No problem, what time would you like to book?",B,2,reservar
Spanish,A1,Making Appointments,Booking,2pm.,A,3,
Spanish,A1,Making Appointments,Booking,"I'm sorry, that time is not available. We have 10am and 5pm.",B,4,disponible
Spanish,A1,Making Appointments,Booking,"Sorry, those times aren't good. Do you have 2pm the day after tomorrow?",A,5,
Spanish,A1,Making Appointments,Booking,"Yes, it's available. I will book that for you.",B,6,
Spanish,A1,Making Appointments,Booking,"Perfect, thank you.",A,7,
Spanish,A1,Introductions,Repeat name,"Hello, my name is Danielle.",A,1,
Spanish,A1,Introductions,Repeat name,"Hello Danielle, my name is Michael.",B,2,
Spanish,A1,Introductions,Repeat name,"Sorry I didn't hear you, can you repeat that?",A,3,repetir
Spanish,A1,Introductions,Repeat name,My name is Michael.,B,4,
Spanish,A1,Introductions,Repeat name,Michael?,A,5,
Spanish,A1,Introductions,Repeat name,"Yes, it's Michael.",B,6,
Spanish,A1,Introductions,Repeat name,It's nice to meet you Michael.,A,7,
Spanish,A1,Introductions,Repeat name,It's nice to meet you too.,B,8,
Spanish,A1,Basic employment issues,Cover,"Hello, is the manager there?",A,1,"jefe, a"
Spanish,A1,Basic employment issues,Cover,"They will arrive in an hour, do you want to call back or I can take a message?",B,2,llamar de nuevo  / darle el mensaje
Spanish,A1,Basic employment issues,Cover,Can you tell them that I am sick and can't come to work today.,A,3,
Spanish,A1,Basic employment issues,Cover,What's the matter?,B,4,
Spanish,A1,Basic employment issues,Cover,I've got a cold.,A,5,Tengo un resfriado
Spanish,A1,Basic employment issues,Cover,Did you find cover?,B,6,encontraste una sustitución
Spanish,A1,Basic employment issues,Cover,Not yet.,A,7,
Spanish,A1,Basic employment issues,Cover,"Send a message in the group chat, hopefully someone can cover your shift.",B,8,Envía un mensaje al grupo de chat / turno
Spanish,A1,Basic employment issues,Cover,"I will do that now, thank you.",A,9,
Spanish,A1,Basic employment issues,Cover,"Well, I hope you get well soon.",B,10,
Spanish,A1,Basic employment issues,Cover,"Thank you, speak to you soon. Goodbye.",A,11,
Spanish,A1,Basic employment issues,Cover,Goodbye.,B,12,
Spanish,A1,Going shopping and asking for prices,Refund,Hello there. I would like a refund for these items please. ,A,1,reembolso / artículos
Spanish,A1,Going shopping and asking for prices,Refund,"Hi there. Unfortunately, these items look like they have been used. I can offer an exchange or a gift voucher instead.",B,2,desgraciadamente / usados / intercambio / vale regalo
Spanish,A1,Going shopping and asking for prices,Refund,That will not work. I want my money back.,A,3,
Spanish,A1,Going shopping and asking for prices,Refund,We cannot offer a refund for used items. You can exchange it for another item or I can issue you a gift voucher. ,B,4,
Spanish,A1,Going shopping and asking for prices,Refund,Fine. But I will take this up with your manager. ,A,5,"jefe,a"
Spanish,A1,Going shopping and asking for prices,Refund,I am the manager. ,B,6,
Spanish,A1,Going shopping and asking for prices,Refund,"Oh. Well, in that case I will just take the gift voucher. Thank you and have a good day. ",A,7,
Spanish,A1,Going shopping and asking for prices,Refund,You too. Bye! ,B,8,
Spanish,A2,Asking and giving directions,Delivery Driver,Hello there. Is this Mary?,A,1,
Spanish,A2,Asking and giving directions,Delivery Driver,"Hi, yes it is. Who's speaking?",B,2,
Spanish,A2,Asking and giving directions,Delivery Driver,"This is John, the delivery driver. I am having trouble finding your apartment. ",A,3,"conductor,a de reparto  / tengo un problema"
Spanish,A2,Asking and giving directions,Delivery Driver,"Yes it can be a little tricky. Go past the big black gates, turn left at the statue and you should see my building. I live on the 4th floor so I would recommend taking the lift.",B,4,complicado / verjas / estatua / recomendaría / ascensor
Spanish,A2,Asking and giving directions,Delivery Driver,I can't see a statue. Are you sure it's correct?,A,5,
Spanish,A2,Asking and giving directions,Delivery Driver,"It is a big stone statue, round and grey in colour. ",B,6,piedra / redonda
Spanish,A2,Asking and giving directions,Delivery Driver,"Oh yes, I see it. I will be there soon. Goodbye!",A,7,
Spanish,A2,Asking and giving directions,Delivery Driver,See you soon. Goodbye!,B,8,
Spanish,A2,Ordering food and drink,Vegan pizza,Hi excuse me? I think I have the wrong order. ,A,1,pedido incorrecto
Spanish,A2,Ordering food and drink,Vegan pizza,"Hi there, what seems to be the problem?",B,2,
Spanish,A2,Ordering food and drink,Vegan pizza,I asked for a vegan pizza and this seems to have cheese and meat all over it.,A,3,vegana
Spanish,A2,Ordering food and drink,Vegan pizza,I'm so sorry about that there must have been a mix up. I will bring you a new one immediately. ,B,4,confusión
Spanish,A2,Ordering food and drink,Vegan pizza,That is not good enough. My friends and I have been waiting over an hour already. I want a new pizza and my money back.,A,5,Eso no es suficiente / esperando sobre
Spanish,A2,Ordering food and drink,Vegan pizza,I will see if I can get that done for you. And please accept our sincere apologies.,B,6,acepte nuestras más sinceras disculpas 
Spanish,A2,Ordering food and drink,Vegan pizza,"Apology accepted. Now please hurry up, I am starving. ",A,7,"dese prisa / muerto,a de hambre"
Spanish,A2,Ordering food and drink,Vegan pizza,I will let the kitchen know and your pizza should be with you as soon as possible. ,B,8,cocina
Spanish,A2,Ordering food and drink,Vegan pizza,Thank you. ,A,9,
Spanish,A1,Socialising in the country,Interview arrangements,Hi Derreck. How was your weekend?,A,1,
Spanish,A1,Socialising in the country,Interview arrangements,"Hi Pete. Well, I actually secured a job interview for this admin role. I'm so excited!",B,2,conseguido una entrevista de trabajo / papel administrativo
Spanish,A1,Socialising in the country,Interview arrangements,That is great news! Give me all the details.,A,3,
Spanish,A1,Socialising in the country,Interview arrangements,"Well, the interview is at 10:00 tomorrow. The dress code is smart-casual so I need to wear a shirt and jeans. ",B,4,código de vestir / informal
Spanish,A1,Socialising in the country,Interview arrangements,Will it be face-to-face or online?,A,5,presencial / en linea
Spanish,A1,Socialising in the country,Interview arrangements,"Face-to-face so I need to be prepared. It's not far from here, only 3 stops on the no.32 bus. ",B,6,solo 3 paradas en la línea 32  de autobús
Spanish,A1,Socialising in the country,Interview arrangements,"Good luck, my friend I will be thinking of you. You will do great!",A,7,
Spanish,A1,Socialising in the country,Interview arrangements,Thank you! I will let you know how it goes. ,B,8,haré saber
Spanish,A2,Making Appointments,Dentist,"Hi there. I would like to book an appointment with my dentist, Clara. ",A,1,
Spanish,A2,Making Appointments,Dentist,"Hi there, I'm sorry but Clara is not available at the moment. Could I put you down with someone else?",B,2,darle cita
Spanish,A2,Making Appointments,Dentist,Clara has done my teeth for the past 10 years. She is very professional and I trust her. Where is she?,A,3,cuidado mis dientes / confío
Spanish,A2,Making Appointments,Dentist,She is on holiday until the 22nd. I can book you in with Clara on the 30th.,B,4,
Spanish,A2,Making Appointments,Dentist,That is too long to wait. Do you not have anything sooner?,A,5,antes
Spanish,A2,Making Appointments,Dentist,Let me check for you. There is a cancellation on the 25th at 13:00. Would you like this appointment?,B,6,cancelación / cita
Spanish,A2,Making Appointments,Dentist,Yes please. Thank you for that. I will see you then. Bye!,A,7,
Spanish,A2,Making Appointments,Dentist,"No problem, Clara will see you then. Goodbye! ",B,8,
Spanish,A1,Ordering food and drink,Coffee Order,Could I please have a regular decafe latte.,A,1,descafeinado con leche
Spanish,A1,Ordering food and drink,Coffee Order,"We have no decafe, sorry about that.",B,2,
Spanish,A1,Ordering food and drink,Coffee Order,"That's okay, I'll just have a regular latte then, and could I get that iced.",A,3,con hielo
Spanish,A1,Ordering food and drink,Coffee Order,Yes.,B,4,
Spanish,A1,Ordering food and drink,Coffee Order,"And, do you have sugar-free syrup?",A,5,almíbar sin azúcar 
Spanish,A1,Ordering food and drink,Coffee Order,"We have sugar-free caramel, vanilla and hazelnut.",B,6,
Spanish,A1,Ordering food and drink,Coffee Order,"Could I get the sugar-free vanilla please, and could I get that with oat milk please.",A,7,leche de avena
Spanish,A1,Ordering food and drink,Coffee Order,Is that to have in or to go?,B,8,Es para tomar aquí o para llevar
Spanish,A1,Ordering food and drink,Coffee Order,To go please.,A,9,
Spanish,A1,Making Appointments,Spelling your name,"Hello, can I make an appointment for tomorrow.",A,1,
Spanish,A1,Making Appointments,Spelling your name,We're booked for the next week unfortunately.,B,2,hemos reservado
Spanish,A1,Making Appointments,Spelling your name,Can I book for next week Tuesday then?,A,3,
Spanish,A1,Making Appointments,Spelling your name,"Of course, what time?",B,4,
Spanish,A1,Making Appointments,Spelling your name,at 10am please.,A,5,
Spanish,A1,Making Appointments,Spelling your name,What's your name?,B,6,
Spanish,A1,Making Appointments,Spelling your name,Jessica Taylor,A,7,
Spanish,A1,Making Appointments,Spelling your name,Can you spell that for me?,B,8,
Spanish,A1,Making Appointments,Spelling your name,"Yes, J E S S I C A, T A Y L O R.",A,9,
Spanish,A1,Making Appointments,Spelling your name,"That's all done for you, see you next week.",B,10,
Spanish,A1,Making Appointments,Spelling your name,"Thank you, see you then.",A,11,
Spanish,A1,Basic employment issues,Inteview,"Good afternoon, how can I help you?",A,1,
Spanish,A1,Basic employment issues,Inteview,"Good afternoon, I have an interview here today.",B,2,
Spanish,A1,Basic employment issues,Inteview,What time is the interview?,A,3,
Spanish,A1,Basic employment issues,Inteview,at 13:30.,B,4,
Spanish,A1,Basic employment issues,Inteview,With who?,A,5,
Spanish,A1,Basic employment issues,Inteview,it's with Johnathan.,B,6,
Spanish,A1,Basic employment issues,Inteview,"Johnathan works in the other building, it's not far.",A,7,
Spanish,A1,Basic employment issues,Inteview,How do I get there?,B,8,
Spanish,A1,Basic employment issues,Inteview,If you go right when you leave the building and then turn left. Best of luck with the interview.,A,9,
Spanish,A1,Basic employment issues,Inteview,Thank you very much.,B,10,
Spanish,A1,Ordering food and drink,Water for table,"Good evening, how is it going?",A,1,
Spanish,A1,Ordering food and drink,Water for table,Excellent thanks.,B,2,
Spanish,A1,Ordering food and drink,Water for table,Can I get you some drinks while you look at the menu?,A,3,
Spanish,A1,Ordering food and drink,Water for table,"Yes, can we get tap water for the table and two lemonades.",B,4,
Spanish,A1,Ordering food and drink,Water for table,I'll get that for you now. Is this your daughter? She's beautiful.,A,5,
Spanish,A1,Ordering food and drink,Water for table,"Actually, she's my wife.",B,6,
Spanish,A1,Ordering food and drink,Water for table,"Of course, excuse me, I'll get your drinks.",A,7,
Spanish,A2,Ordering food and drink,Reservation,Hi there. Do you have a table for 4?,A,1,
Spanish,A2,Ordering food and drink,Reservation,Good evening. Do you have a reservation with us?,B,2,
Spanish,A2,Ordering food and drink,Reservation,"Yes, I do, for 8 pm",A,3,
Spanish,A2,Ordering food and drink,Reservation,What is your name?,B,4,
Spanish,A2,Ordering food and drink,Reservation,It's Jones.,A,5,
Spanish,A2,Ordering food and drink,Reservation,"Ok, I can see your booking. I am sorry, the table isn't ready yet. It will be about 30 minutes. ",B,6,
Spanish,A2,Ordering food and drink,Reservation,"I'm sorry, but I booked the table for 8pm - and it is now 8pm. ",A,7,
Spanish,A2,Ordering food and drink,Reservation,"I do understand, but the people who booked the table at 6pm have not finished their meal. ",B,8,
Spanish,A2,Ordering food and drink,Reservation,"Well, I suggest that you ask them to hurry up. We are going to sit down. ",A,9,
Spanish,A2,Ordering food and drink,Reservation,May I ask you to wait in the bar while I get your table ready. ,B,10,
Spanish,A2,Ordering food and drink,Reservation,Ha! That's a typical trick! You delay the table and ask me to wait in the bar so that I have to buy some drinks!,A,11,
Spanish,A2,Ordering food and drink,Reservation,That is not what I intended. I am sorry that your table is not ready. Please can you wait in the bar. May I get you a drink on the house?,B,12,
Spanish,A2,Ordering food and drink,Reservation,That sounds more like it. ,A,13,
Spanish,A2,Going shopping and asking for prices,Payment,Hi there. May I pay for these items please?,A,1,
Spanish,A2,Going shopping and asking for prices,Payment,"Hello, yes of course. Your total is £35. Will you be paying by cash or card?",B,2,
Spanish,A2,Going shopping and asking for prices,Payment,"Card, please. ",A,3,
Spanish,A2,Going shopping and asking for prices,Payment,No problem. You can insert or touch your card to the machine. ,B,4,
Spanish,A2,Going shopping and asking for prices,Payment,Thank you. ,A,5,
Spanish,A2,Going shopping and asking for prices,Payment,I'm sorry your card hasn't worked. Can you try again?,B,6,
Spanish,A2,Going shopping and asking for prices,Payment,Let me try another card. Here it is!,A,7,
Spanish,A2,Going shopping and asking for prices,Payment,"I'm sorry, but this card hasn't worked either. ",B,8,
Spanish,A2,Going shopping and asking for prices,Payment,How embarassing. I will go and get some cash from the bank. ,A,9,
Spanish,A2,Going shopping and asking for prices,Payment,Ok. No problem. I can hold onto your shopping for 30 minutes. ,B,10,
Spanish,A2,Going shopping and asking for prices,Payment,I will be back as soon as possible. ,A,11,
Spanish,B1,Going shopping and asking for prices,Payment,Hi there. May I pay for these items please?,A,1,
Spanish,B1,Going shopping and asking for prices,Payment,"Hello, yes of course. Your total is £255. Will you be paying by cash or card?",B,2,
Spanish,B1,Going shopping and asking for prices,Payment,£255! Are you sure? ,A,3,
Spanish,B1,Going shopping and asking for prices,Payment,"Yes. You have bought 2 pairs of trousers at £65 each, and a jumper - that's £125. That's £255 in total. ",B,4,
Spanish,B1,Going shopping and asking for prices,Payment,Oh. That is too much. I will only buy one of the pairs of trousers. ,A,5,
Spanish,B1,Going shopping and asking for prices,Payment,Which one - the blue or the black. ,B,6,
Spanish,B1,Going shopping and asking for prices,Payment,The blue. I'm so sorry about this. ,A,7,
Spanish,B1,Going shopping and asking for prices,Payment,"Not a problem. Right, so, that's one pair of trousers at £65 and a jumper at £125. So, £190 please.",B,8,
Spanish,B1,Going shopping and asking for prices,Payment,Ok. Here's my card. ,A,9,
Spanish,B1,Going shopping and asking for prices,Payment,"Right, please can you insert your card. Oh, I'm sorry, the payment has not been authorised. ",B,10,
Spanish,B1,Going shopping and asking for prices,Payment,Oh dear. I think I'll leave it. Bye. ,A,11,
Spanish,A1,Ordering food and drink,Reservation,Hi there. Do you have a table for 4?,A,1,
Spanish,A1,Ordering food and drink,Reservation,Good evening. Do you have a reservation with us?,B,2,
Spanish,A1,Ordering food and drink,Reservation,I'm sorry I don't. ,A,3,
Spanish,A1,Ordering food and drink,Reservation,I'm afraid we're very busy tonight so there are no free tables. Would you like to wait or come back later?,B,4,
Spanish,A1,Ordering food and drink,Reservation,How long is the wait for a table? ,A,5,
Spanish,A1,Ordering food and drink,Reservation,It is about one hour. I'm sorry about that. Are you happy to wait at the bar? ,B,6,
Spanish,A1,Ordering food and drink,Reservation,"Yes, no problem at all. We know this restaurant is popular. ",A,7,
Spanish,A1,Ordering food and drink,Reservation,I need to book you in. What is your name?,B,8,
Spanish,A1,Ordering food and drink,Reservation,Smith.,A,9,
Spanish,A1,Ordering food and drink,Reservation,Great. You are booked in for 9 o'clock. The bar is over there. I will call you when your table is ready. ,B,10,
Spanish,A1,Asking and giving directions,Delivery Driver,Hello there. Is this John?,A,1,
Spanish,A1,Asking and giving directions,Delivery Driver,"Hi, yes it is. Who's speaking?",B,2,
Spanish,A1,Asking and giving directions,Delivery Driver,"This is Anna, the delivery driver. I am having trouble finding your house. ",A,3,
Spanish,A1,Asking and giving directions,Delivery Driver,Where are you right now?,B,4,
Spanish,A1,Asking and giving directions,Delivery Driver,I'm parked outside the train station. The train station is on my left. ,A,5,
Spanish,A1,Asking and giving directions,Delivery Driver,"Oh, you're close by. Just cross the street, my house is number 12. It has a red door. ",B,6,
Spanish,A1,Asking and giving directions,Delivery Driver,"Oh yes, I see it. I will be there soon. Goodbye!",A,7,
Spanish,A1,Asking and giving directions,Delivery Driver,See you soon. Goodbye!,B,8,
Spanish,A2,Health matters,Sick relative,"Hey, what are your plans for Saturday night?",A,1,
Spanish,A2,Health matters,Sick relative,"I'm in Italy, didn't you know?",B,2,
Spanish,A2,Health matters,Sick relative,"Oh no, I didn't know that. When will you return?",A,3,
Spanish,A2,Health matters,Sick relative,"I meant to stay for 2 weeks but my grandma is unwell, so I am staying another week.",B,4,
Spanish,A2,Health matters,Sick relative,I hope she gets well soon.,A,5,
Spanish,A2,Health matters,Sick relative,"Thank you, it seems as if she will.",B,6,
Spanish,A2,Health matters,Sick relative,"Let me know if you want to talk about it, okay. ",A,7,
Spanish,A2,Health matters,Sick relative,"I will, thank you for offering. Take care, speak soon.",B,8,
Spanish,A2,Health matters,Sick relative,Take care.,A,9,
Spanish,A2,Making invitations,Charity,"Good morning sir, can I speak with you for a moment?",A,1,
Spanish,A2,Making invitations,Charity,"No, I am busy.",B,2,
Spanish,A2,Making invitations,Charity,It will just take a second.,A,3,
Spanish,A2,Making invitations,Charity,I am going to work.,B,4,
Spanish,A2,Making invitations,Charity,I just wanted to speak to you about our charitable organisation.,A,5,
Spanish,A2,Making invitations,Charity,I am not interested.,B,6,
Spanish,A2,Making invitations,Charity,So you don't give to charity?,A,7,
Spanish,A2,Making invitations,Charity,Stop following me.,B,8,
Spanish,A2,Making invitations,Charity,"But sir, if you give me your email then you can choose to sign up or not in your own time.",A,9,
Spanish,A2,Making invitations,Charity,Leave me alone.,B,10,
Spanish,A2,Making invitations,Lunch,Do you want to go for lunch at the weekend?,A,1,
Spanish,A2,Making invitations,Lunch,"I'm afraid not, I work on weekends.",B,2,
Spanish,A2,Making invitations,Lunch,Which days do you have off next week?,A,3,
Spanish,A2,Making invitations,Lunch,I am free on Tuesday and Wednesday,B,4,
Spanish,A2,Making invitations,Lunch,I go to University on those days unfortunately.,A,5,
Spanish,A2,Making invitations,Lunch,"That's a shame, what about on Monday morning?",B,6,
Spanish,A2,Making invitations,Lunch,I am also free on Monday morning. How about we meet at 10 at the cafe near your house.,A,7,
Spanish,A2,Making invitations,Lunch,"Perfect, see you on Monday.",B,8,
Spanish,A2,Making invitations,Lunch,See you then!,A,9,
Spanish,B2,Going shopping and asking for prices,Phone purchase,"Hi, can I buy this phone?",A,1,
Spanish,B2,Going shopping and asking for prices,Phone purchase,Did you make a reservation?,B,2,
Spanish,B2,Going shopping and asking for prices,Phone purchase,"No, I didn't.",A,3,
Spanish,B2,Going shopping and asking for prices,Phone purchase,"You need a reservation, I can make one for you but it will be in about 30 minutes. Is that okay?",B,4,
Spanish,B2,Going shopping and asking for prices,Phone purchase,"No, that's way too long to wait to buy a phone.",A,5,
Spanish,B2,Going shopping and asking for prices,Phone purchase,"Well, unfortunately, we are extremely busy because of the launch of our newest phone, and two models have sold out already today. So if you can wait a little while we can get you a slot. Is that okay?",B,6,
Spanish,B2,Going shopping and asking for prices,Phone purchase,"Fine, I will make the reservation. But is there anything you can offer me in return for my having to wait?",A,7,
Spanish,B2,Going shopping and asking for prices,Phone purchase,"I'm afraid not, we have to do reservations today because we are so busy. Next time you should book online to avoid the wait.",B,8,
Spanish,A2,Ordering food and drink,Delayed drinks order,"Excuse me, where is my coffee. I've been waiting over 20 minutes.",A,1,
Spanish,A2,Ordering food and drink,Delayed drinks order,"We're really busy, they are making the drinks as fast as they can, can you wait a little longer?",B,2,
Spanish,A2,Ordering food and drink,Delayed drinks order,"This is unacceptable, I am very busy this morning. Some people who ordered after me have already got their drinks.",A,3,
Spanish,A2,Ordering food and drink,Delayed drinks order,"I'm sorry, I will check how long it will be. What did you order?",B,4,
Spanish,A2,Ordering food and drink,Delayed drinks order,"Thank you, I ordered a mocha.",A,5,
Spanish,A2,Ordering food and drink,Delayed drinks order,"Sorry there was a mix up, I will make it for you right away.",B,6,
Spanish,A2,Ordering food and drink,Delayed drinks order,Thank you very much.,A,7,
Spanish,A1,Exchanging personal information,Instagram,"It's getting late, I think I'm gonna head off.",A,1,
Spanish,A1,Exchanging personal information,Instagram,"That's a shame, it was nice getting to know you.",B,2,
Spanish,A1,Exchanging personal information,Instagram,I know. But I have to work. ,A,3,
Spanish,A1,Exchanging personal information,Instagram,I understand. I work too.,B,4,
Spanish,A1,Exchanging personal information,Instagram,"Well, bye.",A,5,
Spanish,A1,Exchanging personal information,Instagram,"Oh, can I get your number?",B,6,
Spanish,A1,Exchanging personal information,Instagram,"Sorry, I don't give out my number.",A,7,
Spanish,A1,Exchanging personal information,Instagram,What about your instagram?,B,8,
Spanish,A1,Exchanging personal information,Instagram,"Sure, I suppose.",A,9,
Spanish,A1,Exchanging personal information,Instagram,What's your username?,B,10,
Spanish,A2,Socialising in the country,Family size,Who were you chatting to in the cafe?,A,1,
Spanish,A2,Socialising in the country,Family size,"Oh, that's Suzanna.",B,2,
Spanish,A2,Socialising in the country,Family size,How do you know each other?,A,3,
Spanish,A2,Socialising in the country,Family size,She's my sister.,B,4,
Spanish,A2,Socialising in the country,Family size,Really? But you don't look alike.,A,5,
Spanish,A2,Socialising in the country,Family size,"Yes, she's my half sister actually. Do you have any siblings?",B,6,
Spanish,A2,Socialising in the country,Family size,"No, I'm an only child.",A,7,
Spanish,A2,Socialising in the country,Family size,You are lucky!  I have five sisters - it is very noisy at home.,B,8,
Spanish,A2,Socialising in the country,Family size,I think you are lucky. How nice to have a big family.,A,9,
Spanish,A2,Socialising in the country,Family size,"Yes, we are. And we also have 3 dogs and 2 cats. How about you?",B,10,
Spanish,A2,Socialising in the country,Family size,"No, my mum hates animals.",A,11,
Spanish,A2,Socialising in the country,Family size,Must have been very quiet at home then!,B,12,
Spanish,A2,Socialising in the country,Family size,"Yes, it was very quiet. But I had many good friends. ",A,13,
Spanish,A2,Ordering food and drink,QR Code,"Good morning, can I get a large almond milk latte please?",A,1,
Spanish,A2,Ordering food and drink,QR Code,"Sorry about this but, we are all out of almond milk. We do have oat milk or soya milk though. ",B,2,
Spanish,A2,Ordering food and drink,QR Code,In that case I'll just have a peppermint tea.,A,3,
Spanish,A2,Ordering food and drink,QR Code,"Sorry about that, can I get you anything else?",B,4,
Spanish,A2,Ordering food and drink,QR Code,"No, thank you.",A,5,
Spanish,A2,Ordering food and drink,QR Code,That'll be 2.40 please.,B,6,
Spanish,A2,Ordering food and drink,QR Code,I have a subscription with you.,A,7,
Spanish,A2,Ordering food and drink,QR Code,Can you scan the QR code for me?,B,8,
Spanish,A2,Ordering food and drink,QR Code,No problem. ,A,9,
Spanish,A2,Ordering food and drink,QR Code,Thank you. Have a nice day.,B,10,
Spanish,A2,Ordering food and drink,QR Code,You too!,A,11,
Spanish,A2,Making Appointments,Doctor,"Good Morning, I'd like to make an appointment with Dr Tiberal.",A,1,
Spanish,A2,Making Appointments,Doctor,What's your date of birth?,B,2,
Spanish,A2,Making Appointments,Doctor,27th of June 1989,A,3,
Spanish,A2,Making Appointments,Doctor,And your name?,B,4,
Spanish,A2,Making Appointments,Doctor,It's Jane Brown.,A,5,
Spanish,A2,Making Appointments,Doctor,"Thank you. So, Ms Brown, what's the problem?",B,6,
Spanish,A2,Making Appointments,Doctor,I have had an earache for the last two days and I would like to see the doctor.,A,7,
Spanish,A2,Making Appointments,Doctor,"Okay, we have nothing today. However, we have appointments tomorrow at 10:00 or 14:45.",B,8,
Spanish,A2,Making Appointments,Doctor,Can I have 14:45 please.,A,9,
Spanish,A2,Making Appointments,Doctor,"Of course, and I can also see from your record that you need a flu jab. Can I book you in for that too?",B,10,
Spanish,A2,Making Appointments,Doctor,"Actually, I would prefer to do it another time.",A,11,
Spanish,A2,Making Appointments,Doctor,"That's fine, but please book for your flu jab soon.",B,12,
Spanish,A2,Making Appointments,Doctor,"I will, goodbye.",A,13,
Spanish,A2,Making Appointments,Doctor,Goodbye.,B,14,
Spanish,B1,University life,Study plans,How are you?,A,1,
Spanish,B1,University life,Study plans,"I'm doing okay, you?",B,2,
Spanish,B1,University life,Study plans,I'm stressed.,A,3,
Spanish,B1,University life,Study plans,Why are you stressed?,B,4,
Spanish,B1,University life,Study plans,I have two assignments and they are both due next Monday. It's just too much!,A,5,
Spanish,B1,University life,Study plans,"Well, I have the same assignments, why don't we meet in the library and study together?",B,6,
Spanish,B1,University life,Study plans,"It's hard for me to study with other people, because I get distracted.",A,7,
Spanish,B1,University life,Study plans,"Well, I don't get distracted. Look, we can talk about the structure and share some ideas. ",B,8,
Spanish,B1,University life,Study plans,That would be really helpful. But I know that I can't sit in the library for hours. ,A,9,
Spanish,B1,University life,Study plans,You're not meant to. We will take a short break every couple of hours - that's the way to maintain focus!,B,10,
Spanish,B1,University life,Study plans,"That would be really helpful, thank you.",A,11,
Spanish,A2,Making travel arrangements,Expired Ticket,"Good morning, tickets please. ",A,1,
Spanish,A2,Making travel arrangements,Expired Ticket,"Good morning, here you go. ",B,2,
Spanish,A2,Making travel arrangements,Expired Ticket,Your ticket isn't valid for this part of the journey. You can pay the rest by card now. ,A,3,
Spanish,A2,Making travel arrangements,Expired Ticket,But the lady at the ticket office told me it will be okay for the whole journey. ,B,4,
Spanish,A2,Making travel arrangements,Expired Ticket,I'm sorry you must have misunderstood. Your ticket expired 3 stops ago so you have to pay up or I'm going to have to ask you to get off at the next station.,A,5,
Spanish,A2,Making travel arrangements,Expired Ticket,Fine. How much is the outstanding amount?,B,6,
Spanish,A2,Making travel arrangements,Expired Ticket,£3.20 please. ,A,7,
Spanish,A2,Making travel arrangements,Expired Ticket,Here's my card.,B,8,
Spanish,A2,Making travel arrangements,Expired Ticket,Thank you. Have a good day. ,A,9,
Spanish,A2,Making travel arrangements,Expired Ticket,You too. ,B,10,
Spanish,B1,Making travel arrangements,E.ticket,"Good morning, tickets please. ",A,1,
Spanish,B1,Making travel arrangements,E.ticket,Good morning. Oh no..I think I forgot my ticket. Can you wait a moment?,B,2,
Spanish,B1,Making travel arrangements,E.ticket,Would you like to buy one now? ,A,3,
Spanish,B1,Making travel arrangements,E.ticket,"No, I'm sure I have it somewhere just give me a minute. I printed off a copy yesterday evening. ",B,4,
Spanish,B1,Making travel arrangements,E.ticket,"if you can't find the paper copy, the ticket is also available on your phone sir. ",A,5,
Spanish,B1,Making travel arrangements,E.ticket,"You're right, it's right here. What do I do now?  ",B,6,
Spanish,B1,Making travel arrangements,E.ticket,"Just show me the QR code. Thank you. Now, I see you have a rail card. Please may I see it? ",A,7,
Spanish,B1,Making travel arrangements,E.ticket,Here it is. I know that this is stored on my phone. ,B,8,
Spanish,B1,Making travel arrangements,E.ticket,Thank you that is all done. Have a nice day!,A,9,
Spanish,B1,Making travel arrangements,E.ticket,Have a good day!,B,10,
Spanish,A2,Exchaning personal information,Age restricted,"Hi there, I have a package for Ms. Anna Smith?",A,1,
Spanish,A2,Exchaning personal information,Age restricted,"Hi, that's me, thanks. ",B,2,
Spanish,A2,Exchaning personal information,Age restricted,Ms. Smith can I see some ID please as the item you have ordered is age restricted. ,A,3,
Spanish,A2,Exchaning personal information,Age restricted,Oh? I don't remember ordering anything dangerous. ,B,4,
Spanish,A2,Exchaning personal information,Age restricted,I believe the package contains a set of kitchen knives. ,A,5,
Spanish,A2,Exchaning personal information,Age restricted,"Oh yes of course! Sorry, I will get my ID right away. ",B,6,
Spanish,A2,Exchaning personal information,Age restricted,Thank you. ,A,7,
Spanish,A2,Exchaning personal information,Age restricted,Here you go. ,B,8,
Spanish,A2,Exchaning personal information,Age restricted,Can you confirm your birthday for me?,A,9,
Spanish,A2,Exchaning personal information,Age restricted,17th of May 1989. ,B,10,
Spanish,A2,Exchaning personal information,Age restricted,"Thank you, here's your item. Have a good day!",A,11,
Spanish,A2,Exchaning personal information,Age restricted,"Thank you, have a good day. ",B,12,
Spanish,A1,Exchaning personal information,neighbour's parcel,"Hello there, how can I help?",A,1,
Spanish,A1,Exchaning personal information,neighbour's parcel,"Hi I have a parcel for your neighbour, but they're not home, can I leave it with you?",B,2,
Spanish,A1,Exchaning personal information,neighbour's parcel,"Sure, no problem. Which neighbour?",A,3,
Spanish,A1,Exchaning personal information,neighbour's parcel,"Number 17, down the corridor, on the left. Would you mind signing here?",B,4,
Spanish,A1,Exchaning personal information,neighbour's parcel,All done.,A,5,
Spanish,A1,Exchaning personal information,neighbour's parcel,"And just to confirm, what is your name?",B,6,
Spanish,A1,Exchaning personal information,neighbour's parcel,Sarah Smith. And that's S-A-R-A-H with a H at the end. ,A,7,
Spanish,A1,Exchaning personal information,neighbour's parcel,Thanks Sarah. Have a good day!,B,8,
Spanish,A1,Exchaning personal information,neighbour's parcel,"You too, bye. ",A,9,
Spanish,A2,Introductions,Ist day in job,"Hi, how's it going?",A,1,
Spanish,A2,Introductions,Ist day in job,"Good thanks, how are you?",B,2,
Spanish,A2,Introductions,Ist day in job,I'm great. Is it your first day today?,A,3,
Spanish,A2,Introductions,Ist day in job,Yes it is. I am quite nervous. ,B,4,
Spanish,A2,Introductions,Ist day in job,"Don't be nervous we were all new once. I'm Claire by the way, it's nice to meet you. ",A,5,
Spanish,A2,Introductions,Ist day in job,Nice to meet you too. I'm Lucy. How long have you worked for the company?,B,6,
Spanish,A2,Introductions,Ist day in job,Oh a long time. Over 5 years. How are you finding the job so far?,A,7,
Spanish,A2,Introductions,Ist day in job,Exhausting but rewarding. ,B,8,
Spanish,A2,Introductions,Ist day in job,You will get used to it don't worry. ,A,9,
Spanish,A2,Introductions,Job offer,"Good morning, am I speaking to Lucy?",A,1,
Spanish,A2,Introductions,Job offer,"Hi, yes that's me. ",B,2,
Spanish,A2,Introductions,Job offer,"Hi Lucy. I'm calling from H&M, following your interview we are delighted to offer you a position. When can you start?",A,3,
Spanish,A2,Introductions,Job offer,That's brilliant news! I am busy this weekend but I can start as soon as Monday.,B,4,
Spanish,A2,Introductions,Job offer,"That's perfect. When you come in to the shop, just ask for me, my name is Tim Brown. Can you please bring your passport so we can get the necessary paperwork done.",A,5,
Spanish,A2,Introductions,Job offer,Yes I will do. Thank you so much again. What time should we meet?,B,6,
Spanish,A2,Introductions,Job offer,How about 10am?,A,7,
Spanish,A2,Introductions,Job offer,That's perfect. See you then!,B,8,
Spanish,A2,Introductions,Job offer,Great I will see you Monday at 10 am. Bye now!,A,9,
Spanish,A2,Introductions,Job offer,Bye-bye!,B,10,
Spanish,A2,Asking and giving directions,Hospital Visit,Hi there I'm here too see Mr. Smith. ,A,1,
Spanish,A2,Asking and giving directions,Hospital Visit,"Good morning, I need the full name of the patient and the time he was taken in.",B,2,
Spanish,A2,Asking and giving directions,Hospital Visit,"David Smith, he was admitted yesterday around 9pm.",A,3,
Spanish,A2,Asking and giving directions,Hospital Visit,We are only accepting close relatives of Mr. Smith for visits at the moment. What is your relation to the patient? ,B,4,
Spanish,A2,Asking and giving directions,Hospital Visit,I'm his wife.,A,5,
Spanish,A2,Asking and giving directions,Hospital Visit,Great Mrs. Smith I just need to see some ID.,B,6,
Spanish,A2,Asking and giving directions,Hospital Visit,Here you go. ,A,7,
Spanish,A2,Asking and giving directions,Hospital Visit,Thank you. His ward is the second door on the left at the end of the corridor. ,B,8,
Spanish,A2,Asking and giving directions,Hospital Visit,Thank you very much for your help. Have a good day!,A,9,
Spanish,A2,Asking and giving directions,Hospital Visit,"Thanks, you too. ",B,10,
Spanish,B1,Going shopping and asking for prices,Cancel hair appointment,"Good morning, how can I help?",A,1,
Spanish,B1,Going shopping and asking for prices,Cancel hair appointment,"Good morning, I'd like to cancel my appointment please.",B,2,
Spanish,B1,Going shopping and asking for prices,Cancel hair appointment,When is your appointment?,A,3,
Spanish,B1,Going shopping and asking for prices,Cancel hair appointment,Today at 4pm.,B,4,
Spanish,B1,Going shopping and asking for prices,Cancel hair appointment,"We require 24 hours notice to cancel appointments, otherwise there's a cancellation charge of £20.",A,5,
Spanish,B1,Going shopping and asking for prices,Cancel hair appointment,Why do I have to pay to cancel my appointment?,B,6,
Spanish,B1,Going shopping and asking for prices,Cancel hair appointment,"Because our salon is very popular and we are often booked in advance and we don't do walk-ins. Next time, please book at time that you can make.",A,7,
Spanish,B1,Going shopping and asking for prices,Cancel hair appointment,"I have to work last minute and can't make it at 4pm anymore, I can't afford to pay for a haircut that I didn't get.",B,8,
Spanish,B1,Going shopping and asking for prices,Cancel hair appointment,"Unfortunately, that's the agreement you made when making the appointment.",A,9,
Spanish,B1,Going shopping and asking for prices,Cancel hair appointment,"Well, I will not be coming back here again.",B,10,
Spanish,A2,Ordering food and drink,Cocktails,Hi there we would like to order 2 cocktails please.,A,1,
Spanish,A2,Ordering food and drink,Cocktails,Coming right up. Would you like to start a tab for your table or pay now?,B,2,
Spanish,A2,Ordering food and drink,Cocktails,Pay now please.,A,3,
Spanish,A2,Ordering food and drink,Cocktails,Okay your total is £22.50 please.,B,4,
Spanish,A2,Ordering food and drink,Cocktails,I thought cocktails were on a 2 for 1 offer?,A,5,
Spanish,A2,Ordering food and drink,Cocktails,That deal is only valid from Monday to Thursday I’m afraid.,B,6,
Spanish,A2,Ordering food and drink,Cocktails,"Well it didn’t say that anywhere. We will leave it for now, thank you.",A,7,
Spanish,A2,Ordering food and drink,Cocktails,I’m sorry to hear that. I hope you have a good night.,B,8,
Spanish,A2,Ordering food and drink,Cocktails,"Thanks, you too.",A,9,
Spanish,A1,Ordering food and drink,Cocktails by card payment,Hi there we would like to order 2 cocktails please.,A,1,
Spanish,A1,Ordering food and drink,Cocktails by card payment,Good evening. Would you like to start a tab for your table or pay now?,B,2,
Spanish,A1,Ordering food and drink,Cocktails by card payment,Start a tab please.,A,3,
Spanish,A1,Ordering food and drink,Cocktails by card payment,Great I will just need your card details and table number please.,B,4,
Spanish,A1,Ordering food and drink,Cocktails by card payment,Our table is number 17 and here are my details.,A,5,
Spanish,A1,Ordering food and drink,Cocktails by card payment,Thank you. Just to let you know we have a 2 for 1 offer on cocktails all night and free refills on soft drinks.,B,6,
Spanish,A1,Ordering food and drink,Cocktails by card payment,Great thanks!,A,7,
Spanish,A1,Ordering food and drink,Cocktails by card payment,Thank you that is all done. Enjoy your night!,B,8,
Spanish,A1,Making invitations,Disneyland,Hi John did you get my letter?,A,1,
Spanish,A1,Making invitations,Disneyland,About your son's birthday party next week? ,B,2,
Spanish,A1,Making invitations,Disneyland,Yeah that one. ,A,3,
Spanish,A1,Making invitations,Disneyland,"Ah, unfortunately we won't be able to come. My wife planned a trip to Disneyland for the whole family and so we're going to be away all week.",B,4,
Spanish,A1,Making invitations,Disneyland,A trip to Disneyland? Your kids are lucky. Have fun and take lots of pictures! ,A,5,
Spanish,A1,Making invitations,Disneyland,Thanks I will. And sorry again for not being able to come. ,B,6,
Spanish,A1,Making invitations,Disneyland,That's okay. Have a good one!,A,7,
Spanish,A1,Making invitations,Disneyland,You too. ,B,8,
Spanish,A1,Making invitations,Help with child's birthday party,Hi Mary did you get my letter?,A,1,
Spanish,A1,Making invitations,Help with child's birthday party,Hi! About your son's birthday next week?,B,2,
Spanish,A1,Making invitations,Help with child's birthday party,Yes that one. ,A,3,
Spanish,A1,Making invitations,Help with child's birthday party,Of course! Me and the kids would be delighted. What time does it start?,B,4,
Spanish,A1,Making invitations,Help with child's birthday party,The party starts at 14:00.,A,5,
Spanish,A1,Making invitations,Help with child's birthday party,Do you need help setting up?,B,6,
Spanish,A1,Making invitations,Help with child's birthday party,I actually do. It's not easy organising a party for 30 kids. ,A,7,
Spanish,A1,Making invitations,Help with child's birthday party,I will come over at 12:00 then. ,B,8,
Spanish,A1,Making invitations,Help with child's birthday party,That would be great.  See you then. ,A,9,
Spanish,A1,Making invitations,Help with child's birthday party,See you then! ,B,10,
Spanish,A1,Exchaning personal information,Description of town,"Hi, my name is Claire.",A,1,
Spanish,A1,Exchaning personal information,Description of town,"Nice to meet you, I'm Robert.",B,2,
Spanish,A1,Exchaning personal information,Description of town,"Nice to meet you too, where are you from?",A,3,
Spanish,A1,Exchaning personal information,Description of town,"I'm from London, how about you?",B,4,
Spanish,A1,Exchaning personal information,Description of town,I'm from Cardigan.,A,5,
Spanish,A1,Exchaning personal information,Description of town,"Oh, where is that? I've never heard of it.",B,6,
Spanish,A1,Exchaning personal information,Description of town,It's a small town in the north of Wales.,A,7,
Spanish,A1,Exchaning personal information,Description of town,What is it like?,B,8,
Spanish,A1,Exchaning personal information,Description of town,It is a town close to the beach. It's also got a lovely river. You should visit sometime.,A,9,
Spanish,A1,Exchaning personal information,Description of town,I don't like going to the beach because I don't like sand. Is there anything else there to see?,B,10,
Spanish,A1,Exchaning personal information,Description of town,"Hm, there's an ancient castle, they have festivals there in the summertime. There is also a market, a museum and a theatre.",A,11,
Spanish,A1,Exchaning personal information,Description of town,"That does sound like a nice place, maybe I will visit sometime.",B,12,
Spanish,B1,Going shopping and asking for prices,Purchase of computer,"Hi, can I buy this laptop?",A,1,
Spanish,B1,Going shopping and asking for prices,Purchase of computer,"That one is quite popular, let me check if it's in stock.",B,2,
Spanish,B1,Going shopping and asking for prices,Purchase of computer,Thank you.,A,3,
Spanish,B1,Going shopping and asking for prices,Purchase of computer,"I've had a look and we don't have the black or grey in stock, however we do have the pink avaliable.",B,4,
Spanish,B1,Going shopping and asking for prices,Purchase of computer,I was hoping for a more neutral colour.,A,5,
Spanish,B1,Going shopping and asking for prices,Purchase of computer,"Unfortunately this one is very popular, the black is avaliable in another store half an hour away. Would you like me to reserve it for you? ",B,6,
Spanish,B1,Going shopping and asking for prices,Purchase of computer,"No thank you, I have already travelled 40 minutes to come here. Are there any other similar laptops you can recommend to me?",A,7,
Spanish,B1,Going shopping and asking for prices,Purchase of computer,"There is one here in grey, that has more memory and a better processor but it's more expensive.",B,8,
Spanish,B1,Going shopping and asking for prices,Purchase of computer,It's £50 outside of my price range.,A,9,
Spanish,B1,Going shopping and asking for prices,Purchase of computer,Are you a student? Because we have a student discount and that will make it £40 cheaper.,B,10,
Spanish,B1,Going shopping and asking for prices,Purchase of computer,"That's perfect, can I buy this one?",A,11,
Spanish,B1,Going shopping and asking for prices,Purchase of computer,"Of course, I'll put it behind the till for you.",B,12,
Spanish,B1,Going shopping and asking for prices,Purchase of computer,Thank you very much.,A,13,
Spanish,A1,University life,Study in cafe,"Hey, good to see you.",A,1,
Spanish,A1,University life,Study in cafe,"Hey, how's things?",B,2,
Spanish,A1,University life,Study in cafe,"Not good, I'm stressed.",A,3,
Spanish,A1,University life,Study in cafe,What's happening?,B,4,
Spanish,A1,University life,Study in cafe,I have two assignments on Monday. I can't do them both.,A,5,
Spanish,A1,University life,Study in cafe,"Well, I have the same assignments, let's study together in the library?",B,6,
Spanish,A1,University life,Study in cafe,"I don't know. I don't like the library, it's too quiet.",A,7,
Spanish,A1,University life,Study in cafe,"Let's study in a cafe then, we can drink coffee and study. ",B,8,
Spanish,A1,University life,Study in cafe,"Actually that would be nice, should we go today after class?",A,9,
Spanish,A1,University life,Study in cafe,"I'm free after class, let's meet at the cafe next door.",B,10,
Spanish,A1,University life,Study in cafe,"Okay, see you then!",A,11,
Spanish,A1,University life,Study in cafe,See you later!,B,12,
Spanish,B1,Socialising,Hair cut,"Hiya, long time no see!",A,1,
Spanish,B1,Socialising,Hair cut,"Hi, yeah, it's been ages. How are you getting on?",B,2,
Spanish,B1,Socialising,Hair cut,"I've been good, yourself? You look great by the way, did you change your hair?",A,3,
Spanish,B1,Socialising,Hair cut,"Thanks for noticing, I found this excellent new hairdresser.",B,4,
Spanish,B1,Socialising,Hair cut,Where is it?,A,5,
Spanish,B1,Socialising,Hair cut,It's not far from my house? Maybe 20 minutes by bus. It's called Serenity Salon.,B,6,
Spanish,B1,Socialising,Hair cut,"Let me write that down, I might just check it out. How much was it?",A,7,
Spanish,B1,Socialising,Hair cut,I had a cut and blowdry and a full head of colour so it was £200.,B,8,
Spanish,B1,Socialising,Hair cut,£200! That's too expensive.,A,9,
Spanish,B1,Socialising,Hair cut,"Well it is worth to have good colour. Your hair is lovely natural anyway, you don't need an expensive colour.",B,10,
Spanish,B1,Socialising,Hair cut,"Thank you for saying that, but I dye my hair at home on my own. It's about £10 at the drugstore.",A,11,
Spanish,B1,Socialising,Hair cut,"I couldn't even tell, it looks amazing. Anyway I've got to run. It was lovely seeing you.",B,12,
Spanish,B1,Socialising,Hair cut,"You as well, bye.",A,13,
Spanish,B1,Weather,Rain in station,Hey why weren't you at class this morning?,A,1,
Spanish,B1,Weather,Rain in station,Hi! Well because of the rain my station was completely flooded. I had to get a replacement bus which was 30 minutes late. ,B,2,
Spanish,B1,Weather,Rain in station,"Tell me about it. It was meant to be sunny, so I didn't bring an umbrella and got completely soaked. ",A,3,
Spanish,B1,Weather,Rain in station,This is why I always carry an umbrella. You never know. ,B,4,
Spanish,B1,Weather,Rain in station,"Anyway, do you want the notes from the class this morning?",A,5,
Spanish,B1,Weather,Rain in station,"Yes please, that would be great. ",B,6,
Spanish,B1,Weather,Rain in station,I will take a picture and send it to you later. I have to run now but it was nice talking you!,A,7,
Spanish,B1,Weather,Rain in station,Same here. See you later!,B,8,
Spanish,B1,Weather,Rain in station,Bye. And good luck for your journey home. ,A,9,
Spanish,B1,Weather,Rain in station,"Thanks, bye!",B,10,
Spanish,A1,Cross-cultural experiences,International Food,What is this?,A,1,
Spanish,A1,Cross-cultural experiences,International Food,It's tea.,B,2,
Spanish,A1,Cross-cultural experiences,International Food,What kind of tea?,A,3,
Spanish,A1,Cross-cultural experiences,International Food,"Chai tea. It's made with black tea, milk and spices. Do you like it?",B,4,
Spanish,A1,Cross-cultural experiences,International Food,"Yes, I like it. I want to make it at home. ",A,5,
Spanish,A1,Cross-cultural experiences,International Food,You can buy the spices at the supermarket.,B,6,
Spanish,A1,Cross-cultural experiences,International Food,How do I make it?,A,7,
Spanish,A1,Cross-cultural experiences,International Food,"First you boil the milk, then you add the teabag and spices.",B,8,
Spanish,A1,Cross-cultural experiences,International Food,Can you text it to me so I don't forget.,A,9,
Spanish,A1,Cross-cultural experiences,International Food,"No problem, I'll do it now.",B,10,
Spanish,A1,Cross-cultural experiences,International Food,Thank you.,A,11,
Spanish,A2,Socialising,Succulent,Is this plant real?,A,1,
Spanish,A2,Socialising,Succulent,"Yes, it's real.",B,2,
Spanish,A2,Socialising,Succulent,What kind of plant is it?,A,3,
Spanish,A2,Socialising,Succulent,It's a succulent.,B,4,
Spanish,A2,Socialising,Succulent,What is that?,A,5,
Spanish,A2,Socialising,Succulent,It's a tropical plant that doesn't need much water but needs a lot of sunlight.,B,6,
Spanish,A2,Socialising,Succulent,Do you have any other plants?,A,7,
Spanish,A2,Socialising,Succulent,"Yes I have a lot of other plants, it's my hobby. Do you have a hobby?",B,8,
Spanish,A2,Socialising,Succulent,I have many hobbies. I like painting the most.,A,9,
Spanish,A2,Socialising,Succulent,Do you have any pictures? I want to see them.,B,10,
Spanish,A2,Socialising,Succulent,"Yes, I have them on tiktok. Do you want to see?",A,11,
Spanish,A2,Socialising,Succulent,Can I follow you? Send me the link.,B,12,
Spanish,A2,Making invitations,Children at wedding,"Hey Bill, did you get my wedding invitation?",A,1,
Spanish,A2,Making invitations,Children at wedding,"I did, yes.",B,2,
Spanish,A2,Making invitations,Children at wedding,I didn't recieve your RSVP yet.,A,3,
Spanish,A2,Making invitations,Children at wedding,"Unfortunately, we won't be able to come, the invitation said that it's adults only but there won't be anyone to look after our daughter.",B,4,
Spanish,A2,Making invitations,Children at wedding,"So sorry to hear that, hopefully we can all get together another time.",A,5,
Spanish,A2,Making invitations,Children at wedding,Congratulations and thank you for inviting us anyway.,B,6,
Spanish,A2,Making invitations,Children at wedding,That's okay. Have a good one!,A,7,
Spanish,A2,Making invitations,Children at wedding,You too. ,B,8,
Spanish,A2,Making invitations,Wedding RSVP,"Hi Rachel, did you get my wedding invitation?",A,1,
Spanish,A2,Making invitations,Wedding RSVP,"I did, yes.",B,2,
Spanish,A2,Making invitations,Wedding RSVP,I didn't recieve your RSVP yet.,A,3,
Spanish,A2,Making invitations,Wedding RSVP,"I don't know if I can make it yet, I have to travel a lot for work.",B,4,
Spanish,A2,Making invitations,Wedding RSVP,"I'm booking the catering next week, so can you get back to me as soon as possible?",A,5,
Spanish,A2,Making invitations,Wedding RSVP,"Let me check my schedule, what was the date again?",B,6,
Spanish,A2,Making invitations,Wedding RSVP,March 18th.,A,7,
Spanish,A2,Making invitations,Wedding RSVP,That fits perfectly actually/ It may well be possible/ I have to check,B,8,
Spanish,A2,Making invitations,Wedding RSVP,"While I have you, which meal would you like?",A,9,
Spanish,A2,Making invitations,Wedding RSVP,"I'll have the vegetarian options please, if you don't mind.",B,10,
Spanish,A2,Making invitations,Wedding RSVP,"Thanks so much, see you soon!",A,11,
Spanish,A2,Making invitations,Wedding RSVP,Look forward to it!,B,12,
Spanish,A2,Cross-cultural experiences,Omelette,What is this?,A,1,
Spanish,A2,Cross-cultural experiences,Omelette,It's a Tortilla.,B,2,
Spanish,A2,Cross-cultural experiences,Omelette,It looks like an omelette.,A,3,
Spanish,A2,Cross-cultural experiences,Omelette,"Yes, it's an egg and potato omelette. Do you like it?",B,4,
Spanish,A2,Cross-cultural experiences,Omelette,Yes I do. How do you make it?,A,5,
Spanish,A2,Cross-cultural experiences,Omelette,"I didn't make it, my mum made it  for me. Would you like to take some home? I can put a piece in a container.",B,6,
Spanish,A2,Cross-cultural experiences,Omelette,"Oh, that would be lovely. Remind me to return your container next time I come over.",A,7,
Spanish,A2,Cross-cultural experiences,Omelette,"Don't worry, it's just an old takeaway box. It's clean.",B,8,
Spanish,A2,Cross-cultural experiences,Omelette,"Excellent, is it recycleable?",A,9,
Spanish,A2,Cross-cultural experiences,Omelette,"I think so, but you must check. ",B,10,
Spanish,B2,Work life,Meet for drinks,"Hi I haven't seen you around, are you new?",A,1,
Spanish,B2,Work life,Meet for drinks,"Hi, yeah I am! Yesterday was my first day.",B,2,
Spanish,B2,Work life,Meet for drinks,No kidding! How are you finding it so far?,A,3,
Spanish,B2,Work life,Meet for drinks,Pretty good. Everyone is really nice and the workload is managable. ,B,4,
Spanish,B2,Work life,Meet for drinks,"Yeah, it's decent for the money. I'm Clare by the way, nice to meet you. ",A,5,
Spanish,B2,Work life,Meet for drinks,Nice to meet you too. I'm Lucy. ,B,6,
Spanish,B2,Work life,Meet for drinks,"So hey, some of us are going for drinks on Friday, would you like to join us? ",A,7,
Spanish,B2,Work life,Meet for drinks,"Sure, what time?",B,8,
Spanish,B2,Work life,Meet for drinks,8pm at the bar down the road. They have 2 for 1 cocktails all night so we're going to have fun! ,A,9,
Spanish,B2,Work life,Meet for drinks,Oh great! I will see you guys there. ,B,10,
Spanish,B2,Work life,Meet for drinks,"Awesome, see you there Lucy! ",A,11,
Spanish,A2,Ordering food and drink,Cocktails,Hi there we would like to order 2 cocktails please.,A,1,
Spanish,A2,Ordering food and drink,Cocktails,Good evening. Here's the menu which one would you like?,B,2,
Spanish,A2,Ordering food and drink,Cocktails,I will have an espresso martini and my friend will have the pina colada.,A,3,
Spanish,A2,Ordering food and drink,Cocktails,"Great, coming right up. Are you going to be paying card or cash?",B,4,
Spanish,A2,Ordering food and drink,Cocktails,"Card, please. ",A,5,
Spanish,A2,Ordering food and drink,Cocktails,"There, these are ready for you. ",B,6,
Spanish,A2,Ordering food and drink,Cocktails,"We only ordered two, why are there 4 drinks?",A,7,
Spanish,A2,Ordering food and drink,Cocktails,"Oh, it is happy hour, which means all are cocktails are on a 2 for 1 offer. ",B,8,
Spanish,A2,Ordering food and drink,Cocktails,"Wow, great thanks! ",A,9,
Spanish,A2,Ordering food and drink,Cocktails,You're welcome. Enjoy your night. ,B,10,
Spanish,B1,Ordering food and drink,Ordering cocktails by barcode,"Hi there, can we order some cocktails please?",A,1,
Spanish,B1,Ordering food and drink,Ordering cocktails by barcode,"Good evening, I'm sorry but we're only taking orders through our app at the moment. If you take a seat at your table you can scan the barcode and your drinks will be delivered right to your table. ",B,2,
Spanish,B1,Ordering food and drink,Ordering cocktails by barcode,We have already waited half an hour for a table. Can't I just pay you and have my drinks?,A,3,
Spanish,B1,Ordering food and drink,Ordering cocktails by barcode,"Unfortunately, not. It is a Friday night, we're extremely busy and this system ensures everyone gets their orders on time. ",B,4,
Spanish,B1,Ordering food and drink,Ordering cocktails by barcode,I understand that but it will be another hour until we get our drinks and I'm not willing to wait that long. ,A,5,
Spanish,B1,Ordering food and drink,Ordering cocktails by barcode,"You're welcome to go somewhere else, but I can assure you all bars operate under the same policy at the moment. ",B,6,
Spanish,B1,Ordering food and drink,Ordering cocktails by barcode,We will see about that. ,A,7,
Spanish,B2,Making travel arrangements,Disneyland,Hi John did you get my letter?,A,1,
Spanish,B2,Making travel arrangements,Disneyland,About your son's birthday party next week? ,B,2,
Spanish,B2,Making travel arrangements,Disneyland,Yeah that one. ,A,3,
Spanish,B2,Making travel arrangements,Disneyland,"Ah, unfortunately we won't be able to come. My wife planned a trip to Disneyland for the whole family, so we're going to be away all week.",B,4,
Spanish,B2,Making travel arrangements,Disneyland,A trip to Disneyland? In the middle of summer? You must have got a good deal. ,A,5,
Spanish,B2,Making travel arrangements,Disneyland,We did!  Kids under the age of 8 get free entry and we're staying in an Airbnb so we're saving a lot on food and accomodation too. ,B,6,
Spanish,B2,Making travel arrangements,Disneyland,"Ah, I've heard the parking can be tricky if you're not staying inside the resort though.",A,7,
Spanish,B2,Making travel arrangements,Disneyland,"No need for parking, the Airbnb is actually only a 15 minute walk from the park!",B,8,
Spanish,B2,Making travel arrangements,Disneyland,"Wow, you really thought about everything! Well, have a good time and I will see you when you're back.",A,9,
Spanish,B2,Making travel arrangements,Disneyland,"Thanks, we will. See you later! ",B,10,
Spanish,B1,Making invitations,Offering help for Pink Unicorn Party,Hi Mary did you get my letter?,A,1,
Spanish,B1,Making invitations,Offering help for Pink Unicorn Party,Hi! About your daughter's birthday party next week?,B,2,
Spanish,B1,Making invitations,Offering help for Pink Unicorn Party,Yes that one. ,A,3,
Spanish,B1,Making invitations,Offering help for Pink Unicorn Party,Of course! Me and the kids would be delighted to attend. What time does it start?,B,4,
Spanish,B1,Making invitations,Offering help for Pink Unicorn Party,The party starts at 14:00.,A,5,
Spanish,B1,Making invitations,Offering help for Pink Unicorn Party,Do you need help setting up?,B,6,
Spanish,B1,Making invitations,Offering help for Pink Unicorn Party,I actually do. It's not easy organising a party for 20 kids. ,A,7,
Spanish,B1,Making invitations,Offering help for Pink Unicorn Party,"Yeah I know, it's hard work. Do you need me to bring anything? Food, decorations?",B,8,
Spanish,B1,Making invitations,Offering help for Pink Unicorn Party,"My daughter wanted a pink, unicorn theme so if you have any pink decorations that would be great. ",A,9,
Spanish,B1,Making invitations,Offering help for Pink Unicorn Party,I will see what I can do. Shall I meet you at your place at 12?,B,10,
Spanish,B1,Making invitations,Offering help for Pink Unicorn Party,"Yeah, that will give us enough time. Thank you so much for this. ",A,11,
Spanish,A2,Health,Visiting patient,Hi there I'm here to see Mr. Smith. ,A,1,
Spanish,A2,Health,Visiting patient,"Good morning, I need the full name of the patient and the time he was taken in.",B,2,
Spanish,A2,Health,Visiting patient,"David Smith, he was admitted yesterday around 9pm.",A,3,
Spanish,A2,Health,Visiting patient,We are only accepting close relatives of Mr. Smith for visits at the moment. What is your relationship to the patient? ,B,4,
Spanish,A2,Health,Visiting patient,I'm his wife.,A,5,
Spanish,A2,Health,Visiting patient,Great Mrs. Smith I just need to see some ID.,B,6,
Spanish,A2,Health,Visiting patient,Here you go. ,A,7,
Spanish,A2,Health,Visiting patient,Thank you. His room is the second door on the left at the end of the corridor. ,B,8,
Spanish,A2,Health,Visiting patient,How is he doing? Is he eating normally? ,A,9,
Spanish,A2,Health,Visiting patient,"Yes, he had his breakfast this morning everything seems good. The doctor is just making his rounds so you will be able to talk to him about this in more detail. ",B,10,
Spanish,B1,Work life,Job offer,"Good morning, am I speaking to Lucy?",A,1,
Spanish,B1,Work life,Job offer,"Hi, yes that's me. ",B,2,
Spanish,B1,Work life,Job offer,"Hi Lucy. I'm calling from H&M head office, following your interview we are delighted to offer you a position. Would you be able to start on Monday?",A,3,
Spanish,B1,Work life,Job offer,"That's brilliant news! I had to give 2 weeks notice at work, so I can start on Monday in 2 weeks.",B,4,
Spanish,B1,Work life,Job offer,"That's perfect. When you come in ask for me at reception, my name is Tim Brown. Can you please bring your passport so we can get the necessary paperwork done.",A,5,
Spanish,B1,Work life,Job offer,Yes I will do. Thank you so much again. What time should we meet?,B,6,
Spanish,B1,Work life,Job offer,How about 10 am?,A,7,
Spanish,B1,Work life,Job offer,That's perfect. Is there anything else I should bring? And is there a dress code or uniform? ,B,8,
Spanish,B1,Work life,Job offer,"If you have an insurance card/ national insurance number bring that along too. There's no uniform but dress smartly. Blazer, black trousers, basic office attire. ",A,9,
Spanish,B1,Work life,Job offer,"Okay, thank you so much. See you soon!",B,10,
Spanish,B1,Work life,Job offer,"My pleasure Lucy, welcome to the team. Bye! ",A,11,
Spanish,B1,Housing conditions,Delivery of packages,Hello? who is it?,A,1,
Spanish,B1,Housing conditions,Delivery of packages,"Hi, it's your neighbour from number 5.",B,2,
Spanish,B1,Housing conditions,Delivery of packages,"Oh right, is everything okay?",A,3,
Spanish,B1,Housing conditions,Delivery of packages,"Yeah, a few weeks ago my package was delivered here, do you have it?",B,4,
Spanish,B1,Housing conditions,Delivery of packages,"I don't have any packages for anyone at the moment, no.",A,5,
Spanish,B1,Housing conditions,Delivery of packages,"It says here on the delivery email that it was delivered here, and this picture shows it at your door.",B,6,
Spanish,B1,Housing conditions,Delivery of packages,"Those are my feet, but I don't have that package, when was it?",A,7,
Spanish,B1,Housing conditions,Delivery of packages,About two weeks ago.,B,8,
Spanish,B1,Housing conditions,Delivery of packages,"I do remember that package, but number 8 came and collected it.",A,9,
Spanish,B1,Housing conditions,Delivery of packages,Why would she collect my package?,B,10,
Spanish,B1,Housing conditions,Delivery of packages,"Since I work from home, I collect the packages for the whole apartment block. I get at least two for her a week. I'm not sure why she didn't deliver it to you when she saw it wasn't hers. I'm really sorry about that.",A,11,por lo menos
Spanish,B1,Housing conditions,Delivery of packages,"Okay, thank you for telling me. I'll go to her door and ask.",B,12,
Spanish,B1,Housing conditions,Delivery of packages,"I hope you find it, I'll be more careful next time.",A,13,cuidado
Spanish,A2,Weather and weather conditions,Clothing for weather,"Hello, I'm back.",A,1,
Spanish,A2,Weather and weather conditions,Clothing for weather,"Welcome home. Just in time, I'm about to leave now.",B,2,justo a tiempo
Spanish,A2,Weather and weather conditions,Clothing for weather,"You should wear a jacket, it's cold today.",A,3,
Spanish,A2,Weather and weather conditions,Clothing for weather,Is it? But it is sunny.,B,4,
Spanish,A2,Weather and weather conditions,Clothing for weather,The sky is clear but it's very windy.,A,5,
Spanish,A2,Weather and weather conditions,Clothing for weather,I'll bring a scarf too.,B,6,bufanda
Spanish,A2,Weather and weather conditions,Clothing for weather,Where are you going?,A,7,
Spanish,A2,Weather and weather conditions,Clothing for weather,"I'm going to the supermarket, do you want anything?",B,8,
Spanish,A2,Weather and weather conditions,Clothing for weather,"We don't have any milk, can you get some.",A,9,
Spanish,A2,Weather and weather conditions,Clothing for weather,"Sure, see you in a bit.",B,10,
Spanish,A2,Weather and weather conditions,Clothing for weather,Bye.,A,11,
Spanish,B2,Socialising in the country,No show date,Hi Peter. How was your weekend?,A,1,
Spanish,B2,Socialising in the country,No show date,Could have been better.,B,2,
Spanish,B2,Socialising in the country,No show date,What happened?,A,3,
Spanish,B2,Socialising in the country,No show date,I was supposed to go on a date but she ghosted me.,B,4,una fecha / me desertó
Spanish,B2,Socialising in the country,No show date,That's awful.,A,5,
Spanish,B2,Socialising in the country,No show date,"She seemed keen but then on the day I just didn't hear from her at all. Such a shame because we really clicked, we like the same music and we had a lot to talk about. ",B,6,entusiasta / Una pena
Spanish,B2,Socialising in the country,No show date,Do you have a picture of her?,A,7,
Spanish,B2,Socialising in the country,No show date,Here,B,8,
Spanish,B2,Socialising in the country,No show date,"Oh wow, she looks like a model. Are you sure she wasn't a catfish.",A,9,
Spanish,B2,Socialising in the country,No show date,"I didn't think about it, I guessed she was real when she agreed to meet up. You could be right.",B,10,
Spanish,B2,Socialising in the country,No show date,"Best to just forget about it, there's plenty more fish in the sea.",A,11,hay muchos más peces en el mar 
